{"powerL1":1151.7276611,"powerL2":0.0000000,"powerL3":0.0000000,"target":0,"status":1}