{"iGridL1":2.1637177,"iGridL2":0.0000000,"iGridL3":0.0000000,"uGridL1":240.8731537,"uGridL2":0.0000000,"uGridL3":0.0000000,"fGrid":50.0463600}