{"uStringA":387.2312622,"iStringA":0.8602814,"uStringB":390.2010803,"iStringB":0.5250129,"uStringC":0.0000000,"iStringC":0.0000000,"uStringD":0.0000000,"iStringD":0.0000000}