{"powerA":609.7192993,"powerB":576.5827637,"powerC":0.0000000,"powerD":0.0000000}